"Submission Date","Nombre completo","¿Cuántos días de vacaciones tienes disponibles actualmente?","Total de días que planea tomar en 2026","Periodos de vacaciones (puedes seleccionar tantas fechas como desees).","Comentarios (opcional)","Last Update Date"
"Apr 20, 2026","julieth guadalupe lara arguelles",9,9,"Desde: 31-07-2026, Hasta: 08-08-2026, Reintegro: 10-08-2026
",,
"Apr 11, 2026","Luis Alberto Santiago Toledo",5,5,"Desde: 25-05-2026, Hasta: 29-05-2026, Reintegro: 30-05-2026
",,
"Apr 8, 2026","sistemas De la cruz icsi",25,23,"Fecha de inicio: 2026-04-09, Fecha de fin: 2026-04-11
",,
"Apr 8, 2026","Ángel Gabriel Ortiz Alvarado",14,14,"Fecha de inicio: 2026-10-12, Fecha de fin: 2026-10-19
Fecha de inicio: 2026-09-10, Fecha de fin: 2026-09-18
",,"Apr 8, 2026"
"Apr 7, 2026","Nathanael Vitelio Gutierrez Alvarado",0,5,"Fecha de inicio: 2026-12-26, Fecha de fin: 2026-12-31
Fecha de inicio: 2027-01-02, Fecha de fin: 2027-01-14
","Nuevo periodo vacacional apartir del 26 de diciembre del 2026",
"Apr 7, 2026","Juan Pedro De la cruz Salgado",20,15,"Fecha de inicio: 2026-05-13, Fecha de fin: 2026-05-15
Fecha de inicio: 2026-06-01, Fecha de fin: 2026-06-08
Fecha de inicio: 2026-12-21, Fecha de fin: 2026-04-25
",,
"Apr 7, 2026","karen stefany olmedo ortiz",12,12,"Fecha de inicio: 2026-04-06, Fecha de fin: 2026-04-18
","apruébemela no sea malito",
